{
  "precision": {
    "No Rain": 0.9834229720769174,
    "Rain": 0.19210358734875824,
    "accuracy": 0.7795340188142639,
    "macro avg": 0.5877632797128378,
    "weighted avg": 0.9345173220691061
  },
  "recall": {
    "No Rain": 0.7781275504255567,
    "Rain": 0.8008849557522124,
    "accuracy": 0.7795340188142639,
    "macro avg": 0.7895062530888846,
    "weighted avg": 0.7795340188142639
  },
  "f1-score": {
    "No Rain": 0.8688124450808735,
    "Rain": 0.3098784454716658,
    "accuracy": 0.7795340188142639,
    "macro avg": 0.5893454452762696,
    "weighted avg": 0.8342688321100572
  },
  "support": {
    "No Rain": 17154.0,
    "Rain": 1130.0,
    "accuracy": 0.7795340188142639,
    "macro avg": 18284.0,
    "weighted avg": 18284.0
  }
}